restaurant,total_posts,avg_likes_per_post,review_pos,review_neu,review_neg,comment_pos,comment_neu,comment_neg,quality_score
SPICE N ICE Airoli,4,2.0,1.0,0.0,0.0,0.7,0.2,0.1,4.373094210372172
Kalp - Elevated Cuisine and Cocktails,6,2.1666666666666665,1.0,0.0,0.0,0.6153846153846154,0.3076923076923077,0.07692307692307693,2.6549780079703424
The Atrangii House,6,0.8333333333333334,0.16666666666666666,0.16666666666666666,0.6666666666666666,0.07142857142857142,0.2857142857142857,0.6428571428571429,4.3141530246911195
Prasad Food Divine,2,0.0,0.0,0.5,0.5,0.0,0.0,0.0,4.714167527548717
Malvan Tadka,3,0.0,1.0,0.0,0.0,0.0,0.0,0.0,4.434987691473719
Sizzling Darbar,1,0.0,1.0,0.0,0.0,0.0,0.0,0.0,4.466636673343582
